A, {'GCA':  0.21,  'GCC':  0.27,  'GCG':  0.36,  'GCT':  0.16} 
C, {'TGC':  0.56,  'TGT':  0.44} 
D, {'GAC':  0.37,  'GAT':  0.63} 
E, {'GAA':  0.69,  'GAG':  0.31} 
F, {'TTC':  0.43,  'TTT':  0.57} 
G, {'GGA':  0.11,  'GGC':  0.41,  'GGG':  0.15,  'GGT':  0.34} 
H, {'CAC':  0.43,  'CAT':  0.57} 
I, {'ATA':  0.07,  'ATC':  0.42,  'ATT':  0.51} 
K, {'AAA':  0.76,  'AAG':  0.24} 
L, {'CTA':  0.04,  'CTC':  0.1,  'CTG':  0.5,  'CTT':  0.1,  'TTA':  0.13,  'TTG':  0.13} 
M, {'ATG':  1.0} 
N, {'AAC':  0.55,  'AAT':  0.45} 
P, {'CCA':  0.19,  'CCC':  0.12,  'CCG':  0.53,  'CCT':  0.16} 
Q, {'CAA':  0.35,  'CAG':  0.65} 
R, {'AGA':  0.04,  'AGG':  0.02,  'CGA':  0.06,  'CGC':  0.4,  'CGG':  0.1,  'CGT':  0.38} 
S, {'AGC':  0.28,  'AGT':  0.15,  'TCA':  0.12,  'TCC':  0.15,  'TCG':  0.15,  'TCT':  0.15} 
T, {'ACA':  0.13,  'ACC':  0.44,  'ACG':  0.27,  'ACT':  0.16} 
V, {'GTA':  0.15,  'GTC':  0.22,  'GTG':  0.37,  'GTT':  0.26} 
W, {'TGG':  1.0} 
Y, {'TAC':  0.43,  'TAT':  0.57} 
