amino_sequence,qubit_len,Gate_counts
FVFLVLLPLVSSQCVNL,72,5026
TTRTQLPPAYTNSFTRG,68,4702
VYYPDKVFRSSVLHSTQ,64,4122
DLFLPFFSNVTWFHAIH,54,2533
VSGTNGTKRFDNPVLPF,62,3666
NDGVYFASTEKSNIIRG,58,2896
WIFGTTLDSKTQSLLIV,65,3877
NNATNVVIKVCEFQFCN,45,1488
DPFLGVYYHKNNKSWME,46,1786
SEFRVYSSANNCTFEYV,58,3230
SQPFLMDLEGKQGNFKN,51,2295
LREFVFKNIDGYFKIYS,52,1998
KHTPINLVRDLPQGFSA,63,3742
LEPLVDLPIGINITRFQ,63,3372
TLLALHRSYLTPGDSSS,80,6688
GWTAGAAAYYVGYLQPR,61,3651
TFLLKYNENGTITDAVD,55,2566
CALDPLSETKCTLKSFT,64,4064
VEKGIYQTSNFRVQPTE,55,2776
SIVRFPNITNLCPFGEV,60,3152
FNATRFASVYAWNRKRI,60,3293
SNCVADYSVLYNSASFS,66,4350
TFKCYGVSPTKLNDLCF,56,2792
TNVYADSFVIRGDEVRQ,59,3390
IAPGQTGKIADYNYKLP,54,2272
DDFTGCVIAWNSNNLDS,54,2679
KVGGNYNYLYRLFRKSN,60,3106
LKPFERDISTEIYQAGS,60,3262
TPCNGVEGFNCYFPLQS,54,2676
YGFQPTNGVGYQPYRVV,56,2914
VLSFELLHAPATVCGPK,66,4346
KSTNLVKNKCVNFNFNG,50,1924
LTGTGVLTESNKKFLPF,64,3764
QQFGRDIADTTDAVRDP,57,3260
QTLEILDITPCSFGGVS,64,3858
VITPGTNTSNQVAVLYQ,61,3470
DVNCTEVPVAIHADQLT,55,2890
PTWRVYSTGSNVFQTRA,65,4407
GCLIGAEHVNNSYECDI,52,2314
PIGAGICASYQTQTNSP,60,3344
RRARSVASQSIIAYTMS,73,5447
LGAENSVAYSNNSIAIP,64,3670
TNFTISVTTEILPVSMT,63,3677
KTSVDCTMYICGDSTEC,52,2609
SNLLLQYGSFCTQLNRA,68,4506
LTGIAVEQDKNTQEVFA,53,2516
QVKQIYKTPPIKDFGGF,48,1666
NFSQILPDPSKPSKRSF,65,4018
IEDLLFNKVTLADAGFI,58,2744
KQYGDCLGDIAARDLIC,56,2776
AQKFNGLTVLPPLLTDE,64,3892
MIAQYTSALLAGTITSG,67,4241
WTFGAGAALQIPFAMQM,52,2527
AYRFNGIGVTQNVLYEN,55,2544
QKLIANQFNSAIGKIQD,51,1956
SLSSTASALGKLQDVVN,74,5642
QNAQALNTLVKQLSSNF,62,3612
GAISSVLNDILSRLDKV,72,4886
EAEVQIDRLITGRLQSL,68,4504
QTYVTQQLIRAAEIRAS,64,3954
ANLAATKMSECVLGQSK,61,3715
RVDFCGKGYHLMSFPQS,57,3233
APHGVVFLHVTYVPAQE,58,3330
KNFTTAPAICHDGKAHF,49,1958
PREGVFVSNGTHWFVTQ,57,3291
RNFYEPQIITTDNTFVS,54,2424
GNCDVVIGIVNNTVYDP,52,2188
LQPELDSFKEELDKYFK,52,2364
NHTSPDVDLGDISGINA,60,3304
SVVNIQKEIDRLNEVAK,56,2686
NLNESLIDLQELGKYEQ,57,2878
YIKWPWYIWLGFIAGLI,51,1797
AIVMVTIMLCCMTSCCS,55,2945
CLKGCCSCGSCCKFDED,50,2496
DSEPVLKGVKLHYT,50,2484
